PC,IMR,"Sex ratio (Females per 1,000 males)",Women with 10 or more years of schooling (In %),Average out of pocket expenditure per delivery in public health facility (In Rs),Institutional births (In %),Diarrhoea prevalence (reported) among children aged 0-5 years in the last 2 weeks preceding the survey (In %),Stunting among children under 5 (In %),Wasting among children under  (In %),Underweight among children under 5 (In %),Anaemia prevalence among children aged 6-59 months (In %),Anaemia prevalence among women (In %),Rural_MPCE_URP,Urban_MPCE_URP,Rural_MPCE_MRP,Urban_MPCE_MRP,Rural_LFPR,Urban_LFPR
NAGALAND,14,966,34,6265,33,4,26,10,14,22,24,1724.337823375,2232.9461185,1752.50291225,2167.604079625,0.58551701216573,0.510879114117329
LAKHIMPUR,47,1012,31,3389,83,2,31,13,24,40,44,1161.609048,2156.5193862,1138.8438658,2131.2336234,0.541394678089408,0.5039204733278
DIBRUGARH,50,1012,22,3289,82,3,34,18,32,47,51,1193.123937,2172.9950295,1131.8091115,2200.6802195,0.552756607476385,0.526272389748169
JORHAT,53,987,36,3247,91,3,30,11,20,35,38,1129.612237,2401.0998265,1196.149273,2402.1979835,0.569978372002411,0.527665062756123
TEZPUR,54,1024,32,3333,85,1,29,16,25,29,43,1040.5332075,1821.4529675,1020.7809821,1812.4230585,0.534200907209726,0.478961504028648
KALIABOR,56,1000,28,2872,83,1,32,14,23,35,42,1029.14636563333,2500.340065,1093.69967396667,2585.595328,0.521174061234781,0.446722748527209
MANGALDOI,55,981,29,3772,77,2,34,17,29,41,46,1186.144684,1712.38947933333,1197.35407533333,1779.31346,0.460972163564716,0.493572093807923
KOKRAJHAR,55,976,25,3137,67,1,34,17,28,37,44,1096.722940825,2024.55058225,1153.4170455,2153.56343525,0.448004762372449,0.488962605339391
AUTONOMOUS DISTRICT,57,982,15,2814,50,0,28,18,23,24,39,879.65539045,1310.6554915,911.37587745,1393.1981595,0.541566696879969,0.455317871797174
BARPETA,49,965,26,2985,67,1,35,18,28,36,42,1130.83507033333,2049.08353633333,1187.983692,2191.06595766667,0.43389574773828,0.497087096770237
NOWGONG,62,1010,20,2914,69,4,38,11,28,36,39,1015.17450105,2243.5833305,1022.46883315,2305.1253185,0.443623638164187,0.425690255654141
GAUHATI,50,984,29,3758,79,2,34,18,29,38,48,1170.33268533333,2240.21171433333,1221.64905833333,2248.15163933333,0.448264676969327,0.523529601099853
DHUBRI,61,971,20,3291,57,2,45,22,39,39,51,1041.2945825,2246.894445,1077.54065145,2132.3038965,0.489236799492129,0.562674055100081
SILCHAR,53,992,28,4090,71,6,36,30,36,30,51,913.2538975,1210.664045,947.6791017,1238.409441,0.491930987509184,0.4493339626508
KARIMGANJ,56,980,22,3164,58,3,38,22,34,28,46,877.601144033333,1154.42974733333,891.639601866667,1156.90232533333,0.505593026670922,0.44299769412505
LADAKH,34,1002,44,2632,91,3,30,9,18,91,78,1406.391981,2245.37873,1479.730371,2334.356166,0,0
BARAMULLA,34,948,30,3755,92,7,29,9,13,69,63,1436.932619,1766.5861775,1427.4573375,1670.213574,0.379595977281643,0.445857938674729
SRINAGAR,34,970,36,4629,98,4,23,14,16,61,65,1436.2424455,2116.4005485,1535.7839385,2118.0496955,0.432408878703096,0.466954323909254
ANANTANAG,34,973,34,3368,92,5,20,7,9,47,47,1650.054577,1680.865616,1564.58294,1687.508973,0.379265363963519,0.392328609237108
UDHAMPUR,34,970,41,4573,79,3,33,13,20,48,42,1596.87331525,2248.367207,1665.26540875,2195.9960005,0.470816808511259,0.456592842805863
JAMMU,34,981,40,4656,82,3,29,14,20,45,36,1770.828721,2728.242356,1800.06618333333,2656.82960033333,0.437826271344859,0.518728360579706
KASARAGOD,12,1066,66,6851,100,5,21,9,12,40,36,1403.6485385,1677.674184,1576.3209655,2011.323868,0.567173910910463,0.493732352418387
KANNUR,12,1092,70,7043,100,3,25,10,10,44,37,1628.657641,1835.537272,1877.440435,2150.632881,0.551476573873855,0.462621331852817
WAYANAD,12,1032,66,5167,99,3,23,19,21,46,37,1760.90362633333,2265.46331133333,1888.79795666667,2349.16210133333,0.499410938896734,0.522767015692408
VADAKARA,12,1062,71,6055,100,3,21,11,14,41,40,1674.9782105,2175.0806195,1901.829576,2377.4146055,0.513069945211236,0.460431021064032
KOZHIKODE,12,1033,73,5068,100,2,18,13,18,39,42,1721.29878,2514.623967,1926.218717,2604.19633,0.474663316548618,0.458240710275247
MALAPPURAM,12,998,65,6201,99,3,26,22,17,54,38,1798.764948,1900.101216,1812.28659,1990.421958,0.453583118271109,0.495560177108589
PALAKKAD,12,971,63,4336,100,6,20,10,19,41,42,2130.093273,2153.90947,2066.33099,2545.000018,0,0
PONNANI,12,985,64,5269,99,4,23,16,18,47,40,1964.4291105,2027.005343,1939.30879,2267.710988,0.453583118271109,0.495560177108589
ALATHUR (SC),12,1023,69,4695,100,3,20,12,16,40,42,2570.4643615,2688.6368455,2455.08703,2797.4723375,0.504496450608155,0.566337632591731
THRISSUR,12,1075,76,5053,100,0,20,15,14,39,42,3010.83545,3223.364221,2843.84307,3049.944657,0.504496450608155,0.566337632591731
CHALAKUDY,12,1075,79,2526,100,1,16,15,13,31,39,3212.483421,3450.5514875,2945.817852,3347.2533865,0.532288093233735,0.586714174010394
IDUKKI,12,1020,77,3205,100,2,13,20,13,26,31,2838.027639,7652.376472,2926.1953045,3972.4004525,0.608408246847923,0.532588083512256
ERNAKULAM,12,1075,82,0,100,3,12,15,12,23,37,3414.131392,3677.738754,3047.792634,3644.562116,0.560079735859315,0.607090715429056
KOTTAYAM,12,1052,82,3129,100,1,17,16,11,28,33,3452.465007,4260.5204105,3075.8956255,3925.3596255,0.55611731818712,0.567747444007792
ALAPPUZHA,12,1071,76,9885,99,3,14,17,15,21,26,3085.283709,2706.129947,2505.036532,2748.258168,0.581889561822926,0.569362792460781
PATHANAMTHITTA,12,1066,79,6863,100,2,17,15,11,26,25,3032.0831165,3688.2599525,2762.290962,3743.913723,0.54807814895126,0.591556470753051
MAVELIKKARA (SC),12,1057,78,8677,99,2,16,17,14,25,27,3220.45534666667,3418.52065366667,2704.69056033333,3234.22449033333,0.571978008053592,0.555709919169363
KOLLAM,12,1042,79,10299,99,2,14,18,14,18,25,3711.161551,2597.373059,2654.471052,2722.139689,0.546358315921358,0.567342693486726
ATTINGAL,12,1122,68,8787,100,2,19,13,21,20,22,3083.839097,4588.976464,2698.057603,4563.777531,0.564749752107968,0.523170546562918
THIRUVANANTHAPURA,12,1122,68,8787,100,2,19,13,21,20,22,3083.839097,4588.976464,2698.057603,4563.777531,0.564749752107968,0.523170546562918
TIRUVALLUR (SC),20,980,56,2075,99,7,30,23,26,50,55,1738.726078,2521.027609,1768.167983,2625.707406,0.622241605404129,0.516892214303196
ARAKKONAM,20,1008,53,1777,99,8,29,25,29,50,55,1608.256637,2029.4881025,1673.7033665,2181.033373,0.57102935028599,0.508338673474079
CHENNAI NORTH,20,1006,63,1946,99,9,30,20,21,47,54,1738.726078,2873.363354,1768.167983,3056.873746,0.622241605404129,0.538153212618675
SRIPERUMBUDUR,20,972,57,2346,99,5,27,18,21,47,54,1617.5398385,2510.7829755,1674.606129,2571.9260535,0.632349379469033,0.53154108006122
VELLORE,20,1037,49,1479,100,8,29,27,32,50,55,1477.787196,1537.948596,1579.23875,1736.35934,0.51981709516785,0.499785132644963
CHENNAI CENTRAL,20,1032,70,1818,100,10,30,18,17,44,53,0,3225.699099,0,3488.040086,0,0.559414210934154
CHENNAI SOUTH,20,998,64,2217,100,7,27,16,16,44,53,1496.353599,2863.1187205,1581.044275,3003.0923935,0.642457153533937,0.552802078376699
KANCHEEPURAM (SC),20,964,58,2617,100,3,25,13,16,45,53,1496.353599,2500.538342,1581.044275,2518.144701,0.642457153533937,0.546189945819244
KRISHNAGIRI,20,1009,50,2108,95,10,25,20,23,52,47,1570.044663,2983.992566,1808.671539,3379.819435,0.709750918565386,0.528924162257496
ARANI,20,1028,42,1846,97,11,28,25,31,57,60,1040.09815975,1446.722924,1061.6400751,1555.0963395,0.539739166742309,0.482083043608486
TIRUVANNAMALAI,20,1024,46,1722,98,9,26,31,33,54,57,1298.6763735,1479.4186445,1406.660147,1690.4846885,0.51981709516785,0.499785132644963
DHARMAPURI,20,1009,49,2014,98,7,25,27,25,54,57,1608.94217,1713.6998935,1908.145039,1806.3273815,0.726740739143706,0.615538263975274
VILUPPURAM (SC),20,1046,42,1727,99,11,31,16,28,57,62,960.6307685,1472.557155,889.1986062,1465.582642,0.539739166742309,0.482083043608486
KALLAKURICHI,20,1023,47,1980,98,10,29,19,25,53,59,1160.46466625,1535.8550595,1206.1507286,1575.571873,0.645830462977609,0.544783055026542
SALEM,20,1000,51,2233,97,8,27,22,22,50,55,1360.298564,1599.152964,1523.102851,1685.561104,0.751921759212909,0.607483066444598
TIRUPPUR,20,997,50,2434,99,8,26,18,19,47,50,1620.3925675,2900.1979735,1689.759022,2986.470178,0.690655142732423,0.638681306907229
CUDDALORE,20,1026,46,3150,98,6,28,19,25,53,59,1109.55543,1609.721366,1060.802108,1485.255055,0.475267068978052,0.447400230636878
NILGIRIS (SC),20,1017,53,2345,99,8,28,22,23,49,50,1504.24516666667,2557.31273466667,1559.69007933333,2729.568305,0.676523501993129,0.635950272108373
NAMAKKAL,20,1004,50,2297,98,7,26,18,20,49,52,1517.6134765,1625.5160335,1691.03516,1811.8576885,0.696539719246092,0.586473297613242
CHIDAMBARAM (SC),20,1078,47,2860,99,11,26,18,23,54,59,1962.55946,1679.762417,1767.678513,1727.9267015,0.57639716364842,0.45255151695575
PERAMBALUR,20,1078,49,1992,99,10,27,20,26,56,60,2052.973219,2411.986139,1918.50675066667,2253.08732,0.640921896938113,0.54191477505842
ERODE,20,1004,48,2400,100,7,25,15,17,50,48,1739.57801,2209.487361,1818.913044,2251.6667575,0.67232758211078,0.625895702967796
MAYILADUTHURAI,20,1065,47,2487,99,6,25,18,22,48,54,1477.1671,1951.9730505,1620.3285085,2146.355959,0.603557076676984,0.481932900803328
COIMBATORE,20,994,51,2429,99,7,27,21,22,43,54,1436.557504,3033.300328,1600.659425,3407.761114,0.677812800522561,0.591034736660753
KARUR,20,1052,48,2298,99,7,28,22,27,50,56,1731.30107775,2357.42683625,1684.74950125,2173.9392835,0.646497076085763,0.549681066129085
POLLACHI,20,994,51,2429,99,7,27,21,22,43,54,1436.557504,3033.300328,1600.659425,3407.761114,0.677812800522561,0.591034736660753
TIRUCHIRAPPALLI,20,1067,51,2302,99,5,28,19,26,52,60,1810.168408,2538.861133,1690.264852,2166.244584,0.67084474927726,0.542826438549008
THANJAVUR,20,1065,48,2482,99,6,27,21,26,53,58,1453.4375435,2075.5422805,1701.5107695,2162.745237,0.594451232202503,0.448968895204786
NAGAPATTINAM (SC),20,1071,47,3048,99,5,26,19,26,47,55,1445.3855555,1798.651517,1663.408742,1941.544384,0.595570644836221,0.549772836506721
DINDIGUL,20,1019,42,2344,99,8,31,26,29,43,51,1603.173636,2047.711498,1659.521505,2157.386244,0.684244698594777,0.499786656782202
SIVAGANGA,20,1142,49,3523,99,7,23,19,23,48,54,1620.873764,1747.5959035,1464.4488025,1768.02933,0.685815298243309,0.570622001064892
MADURAI,20,1007,48,3141,98,9,21,12,19,54,52,2107.167941,2122.918877,1584.072888,2279.755384,0.674129526296653,0.556927213169491
THENI,20,1010,46,2588,97,7,24,13,20,52,51,1796.5086805,1838.836697,1571.1119585,1986.4003915,0.704650408563104,0.586584788195393
RAMANATHAPURAM,20,1089,43,4644,98,7,26,18,24,48,53,1565.217408,1735.21819033333,1557.51215633333,1826.880028,0.672581417628417,0.587452571495449
VIRUDHUNAGAR,20,1043,44,4840,97,8,25,15,22,53,54,1781.03908,1828.793081,1563.64651,2015.036725,0.686010003928212,0.593752598779191
TENKASI (SC),20,1101,39,5545,97,7,30,15,24,56,57,1471.558284,1746.435469,1615.66708,1921.8887945,0.6975235823414,0.604969312272393
THOOTHUKKUDI,20,1135,46,2585,99,7,21,12,17,56,59,1098.962814,1537.791391,1231.214188,1612.766263,0,0
TIRUNELVELI,20,1124,40,4552,99,6,30,12,22,61,59,1488.206349,1958.203653,1688.114028,2093.459523,0.697156683123029,0.579360640155896
KANNIYAKUMARI,20,1110,73,5025,99,6,17,9,12,37,44,2199.368488,2322.80569,3031.685302,3192.65474,0.598306097032593,0.50338049645006
JALPAIGURI (SC),28,988,21,4945,82,7,32,18,26,64,68,1043.8364569,1743.914061,1031.49716125,1785.8615445,0.534854664980541,0.488887660632041
COOCHBEHAR (SC),28,1008,20,6268,81,5,32,20,29,58,69,988.7014288,1624.10794,999.5785365,1686.117733,0.52916434574612,0.513163801217844
ALIPURDUARS (ST),28,988,21,4945,82,7,32,18,26,64,68,1043.8364569,1743.914061,1031.49716125,1785.8615445,0.534854664980541,0.488887660632041
DARJEELING,28,1007,24,4005,70,6,34,12,30,55,55,1329.666001,2013.766579,1422.321713,2081.242316,0.480411357782089,0.509181884517341
RAIGANJ,28,1023,17,3700,47,7,40,14,34,64,62,0,0,0,0,0.461402117465062,0.504803636704471
BALURGHAT,28,1023,19,6887,63,8,36,15,31,65,69,1110.668495,2340.268615,1057.258899,2096.593206,0.481565736193472,0.463747765818709
MALDAHA UTTAR,28,1019,19,2969,55,5,37,22,37,55,59,1035.657682,2993.960485,1017.614188,2166.266417,0.538712875468062,0.518977457778357
MALDAHA DAKSHIN,28,1051,20,17225,59,6,39,20,35,50,58,1025.9571815,2048.453431,1026.337665,1704.062641,0.539912797645927,0.562555246829093
JANGIPUR,28,1083,22,31481,63,7,41,17,34,46,57,1016.256681,1102.946377,1035.061142,1241.858865,0.541112719823792,0.606133035879829
MURSHIDABAD,28,1049,23,17312,78,5,32,14,26,41,57,1086.2946775,1331.328218,1095.8500685,1495.021786,0.527935501558405,0.620814700068683
BAHARAMPUR,28,1083,22,31481,63,7,41,17,34,46,57,1016.256681,1102.946377,1035.061142,1241.858865,0.541112719823792,0.606133035879829
KRISHNANAGAR,28,1015,24,3143,93,3,23,10,19,36,57,1156.332674,1559.710059,1156.638995,1748.184707,0.514758283293018,0.635496364257538
RANAGHAT (SC),28,1015,24,3143,93,3,23,10,19,36,57,1156.332674,1559.710059,1156.638995,1748.184707,0.514758283293018,0.635496364257538
BANGAON (SC),28,998,29,3701,90,4,23,12,18,45,59,1156.332674,1559.710059,1156.638995,1748.184707,0.514758283293018,0.635496364257538
BASIRHAT,28,981,35,4259,86,5,23,13,18,53,62,0,0,0,0,0,0
BARASAT,28,981,35,4259,86,5,23,13,18,53,62,0,0,0,0,0,0
BARRACKPUR,28,981,35,4259,86,5,23,13,18,53,62,0,0,0,0,0,0
DUM DUM,28,981,35,4259,86,5,23,13,18,53,62,0,0,0,0,0,0
JAYNAGAR (SC),28,1037,22,3742,52,5,27,20,27,65,66,0,0,0,0,0,0
MATHURAPUR (SC),28,1037,22,3742,52,5,27,20,27,65,66,0,0,0,0,0,0
JADAVPUR,28,1037,22,3742,52,5,27,20,27,65,66,0,0,0,0,0,0
DIAMOND HARBOUR,28,1037,22,3742,52,5,27,20,27,65,66,0,0,0,0,0,0
KOLKATA DAKSHIN,28,979,36,12293,73,6,25,18,23,67,56,0,0,0,0,0,0.543964526425702
KOLKATA UTTAR,28,921,49,20845,95,6,24,17,19,70,46,0,0,0,0,0,0.543964526425702
HOWRAH,28,1001,33,4738,86,4,34,14,28,56,58,0,0,0,0,0,0
ULUBERIA,28,1001,33,4738,86,4,34,14,28,56,58,0,0,0,0,0,0
SREERAMPUR,28,1028,29,3693,88,5,32,16,28,55,60,0,0,0,0,0.528086584031372,0.505470618695276
HOOGHLY,28,1055,26,2648,91,7,30,18,28,53,63,0,0,0,0,0.528086584031372,0.505470618695276
ARAMBAG (SC),28,1052,25,2686,84,6,29,23,34,53,65,0,0,0,0,0.528086584031372,0.505470618695276
TAMLUK,28,991,28,19550,74,7,29,24,32,42,59,0,0,0,0,0,0
GHATAL,28,1020,26,11137,75,6,29,26,36,47,63,0,0,0,0,0,0
KANTHI,28,991,28,19550,74,7,29,24,32,42,59,0,0,0,0,0,0
MEDINIPUR,28,1020,26,11137,75,6,29,26,36,47,63,0,0,0,0,0,0
JHARGRAM (ST),28,1016,20,2175,75,5,37,31,49,59,73,0,0,0,0,0.545313340118806,0.475942266628442
PURULIA,28,983,15,1625,72,6,45,34,58,66,80,0,0,0,0,0.545313340118806,0.475942266628442
BANKURA,28,992,19,3260,79,5,39,30,49,57,73,0,0,0,0,0.531546644433161,0.45176028507929
BISHNUPUR (SC),28,1007,24,3786,84,3,33,26,36,45,65,1164.261744,1910.166616,1216.218333,1948.00742,0.537126323547098,0.463574166737897
BARDHAMAN-DURGAPUR,28,1013,26,2677,82,2,32,25,33,44,63,1164.261744,1910.166616,1216.218333,1948.00742,0.556472698346681,0.499570029945658
BARDHAMAN PURBA(SC),28,1013,26,2677,82,2,32,25,33,44,63,1164.261744,1910.166616,1216.218333,1948.00742,0.556472698346681,0.499570029945658
BOLPUR (SC),28,990,24,2628,84,4,36,27,38,51,63,1094.341557,1644.5972715,1144.426799,1687.9472415,0.541598341185468,0.501351265089913
ASANSOL,28,1013,26,2677,82,2,32,25,33,44,63,1164.261744,1910.166616,1216.218333,1948.00742,0.556472698346681,0.499570029945658
BIRBHUM,28,968,22,2579,86,5,40,29,43,59,63,1024.42137,1379.027927,1072.635265,1427.887063,0.526723984024255,0.503132500234169
ADILABAD(ST),35,0,0,0,0,0,0,0,0,0,0,1266.643711,1690.260323,1400.177661,1945.452022,0.786179424620971,0.509222823202538
PEDDAPALLE (SC),35,1102,45,3734,97,14,24,19,25,52,52,1289.6046905,1802.367028,1419.953196,1941.4064765,0.786650636888044,0.550866441340214
SRIKAKULAM,39,1028,34,2938,91,5,28,15,28,70,71,1782.553639,1953.129887,1560.658432,2042.127838,0.631607373500495,0.475755814627481
ARAKU (ST),39,1017,35,2234,91,8,30,16,30,69,69,1438.09479075,2204.97333325,1435.09777625,2245.583979,0.640531197340314,0.517649768585796
NIZAMABAD,35,1101,40,3647,94,11,30,20,30,59,54,1195.8681875,1716.560648,1321.1363515,1793.9210875,0.792962581040338,0.604323551039992
KARIMNAGAR,35,1102,45,3734,97,14,24,19,25,52,52,1312.56567,1914.473733,1439.728731,1937.360931,0.787121849155116,0.59251005947789
ZAHIRABAD,35,1054,35,3862,91,8,35,21,36,66,56,1189.4787495,1643.827755,1271.6714255,1759.8614465,0.742550151245733,0.560593010268231
VIZIANAGARAM,39,1047,33,2476,90,6,32,17,31,74,73,1552.5955445,1992.6654985,1512.84756,1980.4243425,0.636575474120642,0.516640325838329
MAHABUBABAD(ST),35,1039,39,4980,95,9,26,15,25,67,64,1556.879463,2316.0850265,1598.2467695,2313.167737,0.698191666783302,0.498134859837719
WARANGAL(SC),35,1043,43,6754,96,13,26,16,29,63,56,1604.906268,2259.149775,1719.429131,2335.025056,0.737713937376447,0.530987428856513
MEDAK,35,1007,35,4164,91,9,33,20,37,67,57,1299.786794,1769.007947,1340.798879,1869.241649,0.686296989565906,0.505048977934367
VISAKHAPATNAM,39,1056,36,2079,88,8,33,18,33,71,70,1173.493233,2210.964924,1285.3133095,2253.376902,0.668777657621084,0.532175057562327
ANAKAPALLE,39,1047,39,2143,85,8,30,17,33,64,66,1024.349016,2389.728738,1105.589931,2588.032957,0.69601174050138,0.506825278075477
BHONGIR,35,999,44,4998,95,9,27,18,29,60,56,1679.74429633333,2092.53714033333,1779.70520233333,2228.81270166667,0.683690624468275,0.533661921536065
KHAMMAM,35,1036,36,3206,94,5,26,13,22,72,71,1508.852658,2373.020278,1477.064408,2291.310418,0.658669396190158,0.465282290818925
MALKAJGIRI,35,950,56,3457,96,6,20,14,21,51,54,1806.098405,2039.896811,1942.982098,2302.55508,0.641583344157784,0.528195863905357
CHEVELLA,35,967,55,4203,95,5,26,14,25,48,54,1806.098405,2039.896811,1942.982098,2302.55508,0.641583344157784,0.535708254588511
KAKINADA,39,927,35,1843,96,12,27,15,27,63,64,1622.839058,2444.833598,1609.106054,2433.454274,0.592962100618594,0.530493144591048
SECUNDERABAD,35,934,58,2711,97,6,15,14,16,54,54,0,0,0,0,0,0.520683473222202
ELURU,39,1028,37,2650,96,6,25,17,28,56,59,1961.703929,2757.362276,1917.805798,2810.8933855,0.67680428700929,0.519644559907774
HYDERABAD,35,934,58,2711,97,6,15,14,16,54,54,0,0,0,0,0,0.520683473222202
NALGONDA,35,988,34,4038,94,8,28,23,34,69,56,1628.228216,1978.564835,1676.704378,2048.857969,0.671774591870594,0.534290081163171
MAHBUBNAGAR,35,1007,30,3504,78,5,37,18,34,64,50,1497.414145,1992.469655,1546.981018,2024.386805,0.757554007498506,0.44380853051735
RAJAHMUNDRY,39,973,35,2480,97,9,28,15,28,59,62,1755.021677,2450.0965165,1732.625341,2516.3838365,0.601762347372924,0.537315493214256
VIJAYAWADA,39,1037,38,2183,96,5,22,20,27,58,59,2036.203562,3059.365117,1979.466968,3022.473372,0.743045979891326,0.495151277978085
NAGARKURNOOL(SC),35,1007,30,3504,78,5,37,18,34,64,50,1497.414145,1992.469655,1546.981018,2024.386805,0.757554007498506,0.44380853051735
AMALAPURAM (SC),39,927,35,1843,96,12,27,15,27,63,64,1622.839058,2444.833598,1609.106054,2433.454274,0.592962100618594,0.530493144591048
NARSAPURAM,39,1020,35,3118,97,6,28,14,30,55,59,1887.204296,2455.359435,1856.144628,2599.313399,0.610562594127254,0.544137841837463
NARASARAOPET,39,1015,30,1267,97,9,22,17,29,68,57,1763.007164,3226.814608,1709.628893,2892.391611,0.75374886150473,0.495689853109339
MACHILIPATNAM,39,1037,38,2183,96,5,22,20,27,58,59,2036.203562,3059.365117,1979.466968,3022.473372,0.743045979891326,0.495151277978085
GUNTUR,39,1015,30,1267,97,9,22,17,29,68,57,1763.007164,3226.814608,1709.628893,2892.391611,0.75374886150473,0.495689853109339
ONGOLE,39,1016,28,1616,91,11,28,15,30,56,57,1468.554597,1995.714998,1553.999981,1970.287402,0.671821323158986,0.573875467691945
BAPATLA (SC),39,1015,29,1441,94,10,25,16,29,62,57,1615.7808805,2611.264803,1631.814437,2431.3395065,0.712785092331858,0.534782660400642
NANDYAL,39,1021,24,1310,75,2,44,18,37,54,54,1107.930269,2439.439602,1200.694161,2198.000285,0.765994055093608,0.537597216150828
KURNOOL,39,1021,24,1310,75,2,44,18,37,54,54,1107.930269,2439.439602,1200.694161,2198.000285,0.765994055093608,0.537597216150828
NELLORE,39,1016,28,1616,91,11,28,15,30,56,57,1512.32921,2103.6743315,1597.837847,2112.797027,0.670951746698152,0.522749483900974
ANANTAPUR,39,1000,30,3509,89,4,40,15,39,53,52,1552.446868,1924.139944,1345.697641,1927.511661,0.871378211731573,0.658304122203803
KADAPA,39,0,0,0,0,0,0,0,0,0,0,1677.541102,2310.584161,1673.817486,1982.6942,0.698197295508412,0.596955423959353
HINDUPUR,39,1000,30,3509,89,4,40,15,39,53,52,1552.446868,1924.139944,1345.697641,1927.511661,0.871378211731573,0.658304122203803
TIRUPATI (SC),39,1079,39,1686,94,2,31,18,32,46,48,1512.428735,2261.5611295,1635.9214535,2368.4281095,0.669933337068732,0.498489071478816
RAJAMPET,39,1079,39,1686,94,2,31,18,32,46,48,1573.1473745,2311.0363775,1651.99234,2232.1218835,0.683990899704279,0.561155033403491
CHITTOOR (SC),39,1079,39,1686,94,2,31,18,32,46,48,1468.753647,2311.488594,1630.167194,2481.549567,0.669784503900146,0.525354642847628
ARUNACHAL EAST,30,937,29,5191,53,5,27,19,19,51,37,1489.28228405,1964.5959162,1410.5973460125,1907.0611288,0.48710737429052,0.43918326545785
ARUNACHAL WEST,30,982,29,7144,48,7,31,16,16,43,32,2113.50433544286,2345.83701542857,1874.87585887143,2403.15805385714,0.575837889150944,0.507431424230504
VALMIKI NAGAR,48,936,17,3156,64,10,43,21,39,62,58,1017.24667,1085.096978,991.0219372,1056.441705,0,0
PASCHIM CHAMPARAN,48,1000,15,2847,54,13,45,19,39,64,56,1056.125881,1272.1664575,974.54293515,1167.256043,0,0
SITAMARHI,60,1103,12,2277,37,13,57,15,47,69,59,778.5141881,1319.086929,780.3115799,1177.561594,0.462092135959763,0.368344155844156
SHEOHAR,50,1103,13,2337,45,14,52,16,43,66,56,871.260236433333,1336.28676933333,829.2959533,1228.33737933333,0.498002932047941,0.41442504643008
PURVI CHAMPARAN,48,1064,13,2538,45,16,47,18,40,65,54,1095.005092,1459.235937,958.0639331,1278.070381,0,0
JHANJHARPUR,48,1147,18,2597,50,9,51,19,45,62,61,1207.636707,1334.815644,1085.657072,1220.412165,0.40048155916936,0.457152974504249
MADHUBANI,46,1146,18,2563,48,12,50,17,43,66,63,1111.783134,1272.3520215,1007.9302182,1225.6283445,0.385565861823486,0.406444490454757
KISHANGANJ,54,1088,13,1712,51,11,49,21,46,65,68,872.8791888,1268.7739005,934.8896129,1323.996232,0.477931776933947,0.368039877285184
ARARIA,52,1110,12,2318,51,14,48,22,45,61,65,922.217684,1592.078063,1050.84458,1540.277763,0.373593384107347,0.376316816230979
GOPALGANJ (SC),46,1160,26,4474,75,18,35,16,30,63,58,1040.54721,1435.382896,950.3916457,1263.23787,0.376529263217571,0.375577385163197
SUPAUL,61,1126,14,1520,61,9,49,22,46,66,62,1125.5702505,1770.851632,1189.968746,1821.4939055,0.495710098756299,0.359436840630479
MUZAFFARPUR,55,1059,23,1970,62,16,47,17,42,58,52,1063.596729,1712.475664,953.2482691,1860.112467,0.460832939779638,0.441499588025268
VAISHALI,47,1041,25,1703,70,13,50,16,41,62,57,1270.9428285,1520.811315,1207.67417205,1444.763061,0.421207699876003,0.425020378228555
SIWAN,43,1119,29,1609,75,11,37,15,31,63,60,1101.810861,1692.733867,899.8450136,1285.531532,0.394215735234982,0.388034188034188
MAHARAJGANJ,46,1097,28,2238,68,13,42,16,36,62,57,1104.466245,1458.170544,967.1719948,1330.6040635,0.369451743120606,0.363611669015119
DARBHANGA,44,1145,18,2529,47,15,49,16,41,69,66,1015.929561,1209.888399,930.2033644,1230.844524,0.370650164477612,0.355736006405266
MADHEPURA,59,1087,16,1180,60,9,47,24,46,64,58,1439.2880825,1890.415198,1263.620748,2001.9004335,0.48782395868951,0.299904970809357
SAMASTIPUR (SC),46,1104,20,1959,60,13,49,17,41,67,62,972.6987278,1626.303766,952.89342295,1550.122561,0.396121663058964,0.348611182882783
PURNIA,52,1065,15,1154,56,13,50,20,46,63,66,861.1924889,1276.476181,913.74227,1285.12794,0.478532288073793,0.394022368971717
SARAN,44,1049,28,2152,70,12,49,16,40,64,58,1292.7052785,1276.3770935,1248.2995255,1202.545125,0.363135105489299,0.373865159213945
KATIHAR,52,1039,15,1030,51,10,49,20,45,61,63,927.328879,1274.133391,963.5478102,1356.457724,0.466501235580963,0.414197399275208
HAJIPUR (SC),40,1023,28,1437,78,10,53,15,41,67,62,1478.288928,1329.146966,1462.100075,1029.413655,0.381582459972368,0.408541168431841
UJIARPUR,44,1043,25,1413,76,10,51,16,41,66,60,1203.8784113,1685.9330495,1218.84177825,1449.4071265,0.401587810806343,0.375013763896071
KHAGARIA,54,1050,20,1202,68,9,47,19,42,65,59,1229.2153012,1749.155203,1101.9128915,1734.729991,0.51550849915832,0.369104247508183
BEGUSARAI,40,1044,21,1209,75,7,44,18,39,62,59,1026.091186,1360.362761,1034.878784,1444.099012,0.439533575722842,0.422252559458027
BUXAR,46,1030,30,1207,80,4,48,20,44,61,57,922.8162263,1471.985711,892.3970368,1273.4416372,0.454157320013255,0.364428983396144
PATALIPUTRA,31,964,39,1647,86,3,43,28,43,51,57,811.4790319,1723.341761,808.817261,1716.740908,0.459389192678061,0.399999511796634
ARRAH,41,1033,28,1214,80,12,43,26,47,70,61,779.3645938,1034.584867,782.2194833,1027.48521,0.43213477179581,0.338249351358733
PATNA SAHIB,31,964,39,1647,86,3,43,28,43,51,57,811.4790319,1723.341761,808.817261,1716.740908,0.459389192678061,0.399999511796634
BHAGALPUR,49,1015,26,1036,69,8,46,23,40,70,61,897.8895366,1183.817902,903.3624774,1159.354648,0.450575217550226,0.521861777150917
MUNGER,39,982,31,1339,78,8,46,23,44,60,61,832.6306595,1442.37335333333,849.2625855,1371.94521833333,0.465696581963839,0.469250903902556
NALANDA,47,1037,24,888,78,6,54,24,50,59,61,933.8014333,1047.901272,902.3229807,1033.628908,0.489509572178423,0.381490222587048
BANKA,46,1010,21,1079,70,7,48,24,44,70,64,876.3083393,1115.947369,879.36194405,1130.26311,0.4935401841352,0.488779031245463
JAHANABAD,48,1089,28,1126,69,6,52,22,50,60,59,996.40982595,1264.617289,965.01842845,1264.7596495,0.471075876924382,0.403906757411231
NAWADA,49,1103,21,1230,67,6,46,26,48,61,62,896.6310237,1151.93870556667,909.254398433333,1165.55425866667,0.431328435808471,0.433160608839691
SASARAM (SC),46,1028,30,1144,80,4,51,20,46,62,59,908.44174305,1755.145728,883.0194915,1483.6969135,0.45242450303935,0.35865617433414
KARAKAT,42,1056,32,1482,76,4,48,22,46,57,58,867.73555615,1382.943124,849.8135832,1311.5645875,0.424087168195503,0.387949970823579
JAMUI (SC),48,1036,22,1233,72,7,46,26,47,63,64,846.124094266667,1147.82514556667,855.4293712,1116.58147533333,0.476508695643563,0.479574155641588
AURANGABAD,44,1080,28,1467,64,5,50,25,50,56,58,951.84393375,1252.485665,937.83200165,1242.547236,0.438101935802964,0.390918179952806
GAYA (SC),49,1076,24,1027,56,4,52,25,53,59,61,1038.314763,1149.454059,1001.379482,1244.981939,0.480454038254273,0.364592592592593
SURGUJA (ST),50,1024,19,1677,64,9,32,22,34,38,35,984.301796,1949.965326,896.3014765,1989.218257,0.693432646639478,0.475607843137255
KORBA,46,1015,25,1226,71,11,32,27,34,34,40,773.087304666667,1510.72011933333,847.342775033333,1655.11636733333,0.702583509768453,0.529291393073285
RAIGARH (ST),55,990,24,3130,63,7,37,18,36,34,38,1018.692797,1645.1573365,975.3794899,1700.921348,0.609469680360143,0.555588270882218
BILASPUR,38,1013,26,1112,77,17,34,26,33,31,39,775.9217729,1621.607702,889.6919449,1840.343639,0.71089804998649,0.53633649865699
RAJNANDGAON,53,1028,28,864,83,6,48,17,36,29,43,817.10758485,1085.25346435,841.3630764,1200.2031985,0.780399582775204,0.622507813032577
JANJGIR-CHAMPA (SC,45,1021,30,1714,65,7,37,20,36,41,45,789.2663566,2101.824233,834.6024854,2233.46478,0,0
DURG,35,997,35,2547,71,6,34,21,36,44,49,964.0473388,1506.516129,980.5268624,1777.439358,0.756545848640686,0.519018156410219
RAIPUR,45,1004,28,1354,69,5,38,19,37,47,50,789.2663566,2101.824233,834.6024854,2233.46478,0,0
MAHASAMUND,49,1023,26,1058,76,8,38,22,38,45,51,904.1497501,1898.181622,950.9485031,1882.651745,0.623524034759362,0.599090567058703
KANKER (ST),42,1037,27,1157,74,8,36,28,44,54,59,897.755878433333,1813.26609466667,933.151885733333,1854.39753433333,0.663015211713084,0.609444577999943
BASTAR (ST),42,1051,16,626,62,9,42,33,51,65,71,0,0,0,0,0.752851412211619,0.499497772432133
NORTH WEST DELHI (SC),20,788,61,6933,82,7,28,20,31,67,57,0,2914.846154,0,3360.115385,0,0.578947368421053
NORTH EAST DELHI,20,788,61,6933,82,7,28,20,31,67,57,0,2914.846154,0,3360.115385,0,0.578947368421053
CHANDNI CHOWK,20,788,61,6933,82,7,28,20,31,67,57,0,2914.846154,0,3360.115385,0,0.578947368421053
EAST DELHI,20,788,61,6933,82,7,28,20,31,67,57,0,2914.846154,0,3360.115385,0,0.578947368421053
WEST DELHI,20,788,61,6933,82,7,28,20,31,67,57,0,2914.846154,0,3360.115385,0,0.578947368421053
NEW DELHI,20,788,61,6933,82,7,28,20,31,67,57,0,2914.846154,0,3360.115385,0,0.578947368421053
SOUTH DELHI,20,788,61,6933,82,7,28,20,31,67,57,0,2914.846154,0,3360.115385,0,0.578947368421053
NORTH GOA,10,1030,61,6818,98,5,21,17,23,48,33,2133.626075,2786.227665,2031.501298,3085.795876,0.580266483153014,0.534975937355087
SOUTH GOA,10,1015,57,4288,96,3,19,22,23,48,30,2528.354404,2938.8672235,2553.4721955,2929.0651585,0.559419046130638,0.510806825547922
BANASKANTHA,35,991,14,3416,89,6,40,21,43,57,50,1497.748426,1791.405071,1355.431718,1640.282154,0,0
SABARKANTHA,35,957,31,2083,88,6,50,23,45,72,67,1151.999027,1141.35416,1212.019482,1075.772184,0.489531183452528,0.454811261114671
PATAN,35,952,21,2330,92,8,39,23,41,67,57,1471.87286933333,2483.09561466667,1364.32490033333,2053.61144866667,0.505568901358445,0.484654315740423
KACHCHH (SC),35,929,29,1551,87,5,35,27,35,69,57,2738.4101305,2543.8558745,2101.049254,2576.089473,0.684670405125223,0.497609423435273
MAHESANA,35,925,28,1399,94,4,38,27,42,75,63,1534.7170125,3305.424575,1530.7446705,3080.064522,0.508057062840603,0.48577322352828
SURENDRANAGAR,35,928,34,2397,87,9,37,27,38,76,62,2004.7387745,2310.4636125,1870.0525,2403.2950965,0.652204938385842,0.745755270547396
PANCHMAHAL,35,1010,25,5485,84,11,42,31,45,51,52,1059.518115,1311.743644,1115.378784,1301.330013,0.609143955035421,0.515101057098245
DAHOD (ST),35,1083,26,1563,81,11,42,30,46,54,53,882.0510272,2395.729,877.0441779,2397.943839,0.707018440504817,0.477610842262726
AHMEDABAD EAST,35,917,36,1788,93,6,32,28,36,74,64,1655.04835,2667.3742785,1694.0632595,3018.3255025,0.519866184340295,0.487505611252432
GANDHINAGAR,35,917,36,1788,93,6,32,28,36,74,64,1655.04835,2667.3742785,1694.0632595,3018.3255025,0.519866184340295,0.487505611252432
KHEDA,35,931,34,5837,92,9,37,27,39,64,58,1479.942549,1985.2835705,1462.2763925,2018.9413985,0.491933223612172,0.410687778327561
AHMEDABAD WEST(SC),35,904,45,2596,94,9,29,27,31,76,62,1900.366983,2658.823497,1809.174001,2736.552784,0,0
RAJKOT,35,915,42,2322,92,5,30,23,31,57,52,3470.573911,2402.745753,2309.31051,2534.026583,0.622911201727738,0.497395921501429
JAMNAGAR,35,952,28,1824,95,4,27,31,29,75,63,1343.757199,2033.737169,1395.396189,1939.608962,0.7713664492874,0.492560297046852
VADODARA,35,943,31,1150,79,11,43,16,39,54,49,1322.271708,2292.442137,1435.92426,2611.168602,0.745053325492475,0.46856884135359
ANAND,35,962,30,1744,92,12,48,21,41,59,50,1049.760535,1836.300897,1117.885433,1953.759674,0.458843546884924,0.435800657038745
CHHOTA UDAIPUR(ST),35,1001,27,1182,79,11,43,29,45,52,51,1223.5279175,1903.153285,1320.532386,2081.332066,0.73625410194852,0.55437676508526
BHAVNAGAR,35,944,19,1895,93,5,48,25,44,69,54,1508.82271,1919.906591,1462.890064,1963.854004,0.445909373567784,0.663302736004024
PORBANDAR,35,943,38,2015,93,7,27,26,28,68,57,2181.28146,2163.75610933333,1808.56975866667,2156.747159,0.637993612804223,0.511543914602035
BHARUCH,35,971,28,967,79,10,44,27,45,54,52,1293.033557,2013.796984,1377.490654,2242.000183,0.718590607329266,0.518960527315156
AMRELI,35,935,26,2224,87,7,43,25,38,71,55,1446.99924,1775.656692,1404.5980745,1933.125174,0.507120824207417,0.558226621021927
JUNAGADH,35,974,38,2231,90,10,27,30,27,77,59,1759.781973,2094.809439,1758.127423,2169.322033,0.593434274430142,0.506336945900182
BARDOLI (ST),35,881,44,1247,92,5,29,26,36,42,39,1100.59406,2394.250152,1186.32591,2571.821619,0.724512473607091,0.617598415463299
SURAT,35,881,44,1247,92,5,29,26,36,42,39,1100.59406,2394.250152,1186.32591,2571.821619,0.724512473607091,0.617598415463299
NAVSARI,35,958,43,1455,93,6,34,26,36,47,45,1413.071677,2376.886419,1482.0128265,2473.9276555,0.62351108747504,0.589049650089074
VALSAD (ST),35,998,34,1828,74,8,43,33,46,58,58,1586.52075,2645.90448,1749.400752,2633.6361495,0.654439376851566,0.670464521041544
AMBALA (SC),36,831,60,908,95,9,23,32,30,66,60,1532.44674566667,2453.921198,1535.09238366667,2618.260207,0.435404866133926,0.487703522545538
KURUKSHETRA,36,882,46,828,89,11,31,24,32,63,57,1506.93328066667,2299.57165566667,1619.380892,2460.32238966667,0.488257856945697,0.47231699378387
SIRSA (SC),36,904,40,816,89,8,29,23,29,73,62,1755.345838,2134.52877366667,1875.96024633333,2370.96158066667,0.45556554264394,0.449236261252492
KARNAL,36,863,50,1327,85,5,42,22,36,70,66,1948.4316195,2869.88729,1951.7417525,2945.3114065,0.455255069042555,0.49601391617439
HISAR,36,918,45,1052,90,7,28,21,26,72,62,1876.361703,2444.12196766667,2036.90525766667,2497.60079633333,0.444116626782397,0.427041772453157
SONIPAT,36,861,51,1844,88,4,33,24,29,67,64,1882.7678125,2374.590116,2104.681836,2596.5589255,0.464889781328076,0.44480311407535
ROHTAK,36,901,47,1498,87,5,28,15,23,75,61,2297.07123633333,2825.76847666667,2369.43336033333,2997.875814,0.438463520447641,0.434710624374152
BHIWANI-MAHENDRAGARH,36,928,47,1094,92,8,29,17,26,74,64,2008.4757735,1923.0221445,2136.7958015,1967.3321,0.388115750892174,0.373694803673866
GURGAON,36,853,47,2106,82,5,34,18,26,72,69,2817.3351625,4447.9599185,2599.2141375,4491.171945,0.495272283087437,0.501551045578285
FARIDABAD,36,826,42,3856,72,8,29,19,20,75,54,1999.533718,3684.156878,1930.613631,4030.352571,0.461554862610843,0.477960023989238
MANDI,32,1058,55,3781,70,5,24,14,17,67,63,1773.642066,3343.79247125,1738.5579305,2641.70234875,0.792253983580171,0.495174906491854
KANGRA,32,1117,57,2605,72,6,27,13,22,56,55,1582.572261,4326.4689685,1535.6758425,2520.94699,0.73037395670115,0.419403913834697
HAMIRPUR,32,1136,63,3838,81,7,26,12,19,42,44,2084.7134998,2715.467042,2015.380354,2801.0658614,0.641092034527289,0.506736669229078
SHIMLA (SC),32,981,55,3070,76,6,27,17,26,68,61,2022.54962566667,3119.203029,1904.74708366667,3447.50890533333,0.716736411569873,0.551293114110861
RAJMAHAL (ST),50,1011,15,880,52,4,49,28,49,75,67,755.813137725,1425.5686705,794.05426965,1283.8067785,0.533274414543109,0.465748538030432
GODDA,43,1002,19,955,56,5,47,30,48,73,63,847.3533304,1796.562222,891.077365866667,1582.312045,0.532766947262869,0.406950707233104
KODARMA,28,1049,27,1570,72,4,45,22,43,70,63,861.39455845,1211.9269585,930.00434235,1223.154464,0.448493929186362,0.457041489472511
DUMKA (ST),40,988,18,920,57,5,44,31,49,71,61,890.372658966667,1932.98725966667,908.420996866667,1597.92824333333,0.560470573859092,0.43316334615792
PALAMU (SC),36,1005,23,2604,56,14,45,27,47,62,56,965.2195367,1651.6193935,974.4177862,1577.264321,0.470017579385666,0.429815899450157
HAZARIBAGH,29,1004,35,1430,76,5,49,24,47,64,60,0,0,0,0,0.465394020291002,0.462891117819743
CHATRA,40,1020,23,2309,53,12,46,27,46,56,54,946.222818533333,1603.157205,938.7499562,1687.57610166667,0.449530005744719,0.494614094368081
GIRIDIH,27,1001,28,1892,63,4,41,29,44,72,68,958.188364266667,1306.86821833333,1015.201283,1352.528992,0.442626555508078,0.427867114763119
DHANBAD,27,960,33,2085,63,5,39,32,46,71,67,985.8277758,1453.633257,1058.28624085,1506.5352365,0.433665076726371,0.413332508662248
RANCHI,41,953,38,1386,70,6,42,25,48,73,71,979.3239388,2960.992432,933.4193589,2517.061483,0.518446288842082,0.422376299201645
LOHARDAGA (ST),42,1021,35,1381,72,7,42,29,46,67,66,972.352030833333,2150.585493,958.820672066667,2004.51809833333,0.61879728531566,0.410710852250975
KHUNTI (ST),45,1011,30,1139,59,6,46,31,51,76,72,940.2554007,2038.92939033333,956.410496466667,1879.03582833333,0.616612461389347,0.411095634082459
JAMSHEDPUR,25,1001,43,1148,81,8,39,40,49,66,66,0,0,0,0,0,0
SINGHBHUM (ST),53,997,26,993,50,4,52,30,59,82,75,0,0,0,0,0,0
BIDAR,29,1003,39,3492,94,2,47,28,48,70,43,1114.653215,1432.1631825,1080.7414515,1327.215144,0.62929690435348,0.471588255019856
GULBARGA (SC),29,989,33,1626,91,0,52,34,56,72,43,1038.302063,1457.404805,1086.699177,1384.673426,0.732055618426626,0.428183451360071
BIJAPUR (SC),29,966,36,2490,90,4,44,29,38,68,41,1049.605457,1410.640774,1091.104623,1545.011518,0.611345672379507,0.550114076408939
CHIKKODI,29,960,39,4175,97,3,36,31,38,66,41,1117.396341,1610.223434,1288.623813,1740.516322,0.682705162827938,0.552539587453131
RAICHUR (ST),29,1012,31,1548,85,1,44,34,48,71,50,1647.372486,1842.250327,1199.631234,1503.128451,0.724358869910472,0.491383534597347
BAGALKOT,29,963,34,2642,92,6,41,33,41,66,40,1285.0706955,1318.2073555,1214.519546,1496.8455795,0.614118241886105,0.572236353350155
BELGAUM,29,960,39,4175,97,3,36,31,38,66,41,1117.396341,1610.223434,1288.623813,1740.516322,0.682705162827938,0.552539587453131
KOPPAL,29,989,27,2052,83,3,47,29,48,70,51,1410.32887703333,1695.629623,1192.691682,1590.81236,0.652446404566509,0.571111919026886
UTTARA KANNADA,29,1008,42,3392,95,4,37,25,34,57,41,1117.396341,1610.223434,1288.623813,1740.516322,0.68160103612342,0.507722505361475
HAVERI,29,935,35,3081,94,8,39,31,37,67,46,1414.609811,1312.9918645,1323.764304,1460.133547,0.581407750253891,0.557422509047685
DHARWAD,29,931,40,2682,96,5,40,27,39,57,49,1170.238657,1598.830104,1220.220644,1744.9442415,0.672825634689441,0.533632584059193
BELLARY (ST),29,952,26,3005,86,3,49,26,53,72,49,1021.32939,1268.399592,1217.242209,1442.498717,0.657213446821843,0.568914630909488
CHITRADURGA (SC),29,974,45,4555,96,3,28,29,27,59,48,1010.6933892,1992.4775015,1095.893142,1940.1673415,0.676939337185845,0.499300403862712
DAVANAGERE,29,951,45,2566,97,6,46,22,41,65,46,0,0,0,0,0,0
SHIMOGA,29,1089,47,4933,97,6,28,17,26,55,46,1737.8903405,1980.2338415,1596.4887,2159.1604175,0.555127628486062,0.503842924941568
UDUPI CHIKMAGALUR,29,1098,46,3072,97,7,21,21,23,57,43,1647.3931673,1948.8373365,1535.928254,2168.171861,0.536040762546915,0.48975409809717
CHIKKBALLAPUR,29,951,54,5338,97,4,29,23,27,52,43,1754.29033133333,3221.77839033333,2084.83184566667,3249.81884766667,0.595165812172264,0.55696203907827
TUMKUR,29,1003,44,4683,96,3,28,26,26,53,52,1137.328705,2289.491856,1157.469253,2290.053106,0.689897173722021,0.527371962986646
HASSAN,29,1068,43,3127,97,8,24,20,25,55,44,1055.5690253,1692.420656,1207.0151885,1820.336515,0.465702101312408,0.386921730157573
KOLAR (SC),29,961,46,3913,96,3,32,18,27,57,44,1653.774969,2701.409971,1765.189677,2784.525984,0.706687606867014,0.567299268082258
DAKSHINA KANNADA,29,1032,51,3163,97,2,23,17,21,54,45,0,0,0,0,0.663214506524594,0.467803017983635
BANGALORE RURAL,29,965,53,5595,97,4,28,25,26,51,46,1582.14157666667,3084.472352,1882.258371,3084.994555,0.589569001123933,0.543652937379732
BANGALORE NORTH,29,898,67,7469,96,4,28,28,26,51,39,2096.928968,4461.716011,2624.86729,4271.328878,0.576638754963773,0.572602582800333
BANGALORE CENTRAL,29,898,67,7469,96,4,28,28,26,51,39,2096.928968,4461.716011,2624.86729,4271.328878,0.576638754963773,0.572602582800333
MANDYA,29,1028,46,3452,96,5,21,20,22,57,45,1462.4404285,2782.777202,1575.688146,2559.8547985,0.596679209344459,0.597252065088188
BANGALORE SOUTH,29,898,67,7469,96,4,28,28,26,51,39,2096.928968,4461.716011,2624.86729,4271.328878,0.576638754963773,0.572602582800333
MYSORE,29,1061,47,4097,96,6,27,16,25,53,41,2849.4338655,2504.4588685,2788.100551,2593.205245,0.547437033620051,0.559769643223473
CHAMARAJANAGAR(SC),29,1038,36,3845,95,7,27,18,28,56,45,1448.416976,2580.880805,1540.574496,2562.031591,0.584626106770066,0.526399194035541
MORENA,65,920,16,589,85,8,49,28,53,72,58,999.73371925,1497.050346,893.02863515,1752.6781965,0.480748989400048,0.447634836751709
BHIND (SC),63,874,23,890,85,10,48,28,48,72,63,978.0050516,1265.7717415,947.5365068,1188.6885975,0.492478289292698,0.399151280942641
GWALIOR,58,898,23,1630,87,8,45,26,49,65,53,1134.6546253,2185.5091095,1063.29436175,2279.1050695,0.533893268811725,0.464569643121784
TIKAMGARH(SC),62,914,14,1741,81,9,46,19,42,66,46,1230.29019,1884.522764,1204.9416465,1636.635517,0.580011717381414,0.490417593051772
GUNA,73,905,14,1181,86,10,44,30,49,63,45,1187.944944,2199.1812915,1140.3120015,1968.4553045,0.741218706917391,0.499756667160681
KHAJURAHO,71,946,19,2231,78,7,43,22,41,66,49,1125.17903416667,2030.63566466667,1042.4103402,1781.36528966667,0.514097143882669,0.487767828324568
MANDSOUR,60,978,18,1263,87,12,38,22,37,70,51,1024.47612683333,2089.71269633333,1013.99297553333,2042.11751933333,0.689437376763298,0.496066529155345
REWA,68,995,23,1377,81,9,40,18,36,54,40,823.9043038,1804.086765,826.0550902,1767.702676,0.469443723674158,0.464487743557511
SATNA,83,993,25,3568,80,8,41,26,39,70,48,715.1835975,1324.610613,742.7852004,1075.458189,0.413951377198309,0.38125313119443
DAMOH,67,925,18,1706,76,8,42,18,36,69,44,1237.655425,1657.390648,1184.38268,1504.18499933333,0.56609667803296,0.517417979263063
RAJGARH,63,926,17,1248,91,9,43,31,48,69,49,1238.04642833333,2148.82617066667,1167.857642,1863.04614566667,0.688350537595842,0.520036371524557
SIDHI,69,989,18,975,66,6,42,26,42,67,55,845.0709118,1447.196543,749.4292313,1238.426893,0.41584878658504,0.393897291030197
SAGAR,67,927,17,2055,75,9,41,19,35,68,41,1072.3366565,1462.110577,1109.683996,1365.979295,0.553464489285431,0.468973327757801
SHAHDOL (ST),66,992,20,1763,77,8,39,27,42,68,59,863.0246556,1733.9498975,783.959262725,1588.1585245,0.48363011132712,0.41157395330274
UJJAIN (SC),59,971,19,1643,87,9,40,20,36,72,50,1198.83117625,1565.0237415,1184.61801665,1591.2843365,0.699559476664471,0.528812160052672
DEWAS (SC),59,932,21,1217,92,7,41,27,44,69,49,1627.419107,2785.546593,1499.10107166667,2129.879367,0.562872852718445,0.523242802175411
BHOPAL,57,913,32,1224,90,7,40,24,39,71,46,1337.653329,3143.3241265,1392.3446855,2548.155156,0.45768659347469,0.539969732595255
VIDISHA,64,927,19,1367,84,10,40,24,42,67,47,1520.13777825,2172.18718355,1460.5776185,1717.8977265,0.509743761792943,0.48452642573387
RATLAM (ST),64,972,13,1140,80,10,45,23,42,74,56,958.9759404,1545.4661265,945.67465565,1594.7980485,0.773055792231447,0.448418645115211
JABALPUR,48,955,37,1252,88,9,36,30,42,59,49,777.8152514,2048.828461,787.1932624,1759.371169,0.565559904590885,0.505161379358263
HOSHANGABAD,63,910,25,1236,86,13,40,25,40,68,52,1267.62877176667,1357.10451773333,1320.0330859,1356.82147166667,0.54663216669462,0.470432971403357
DHAR (ST),45,941,30,1649,86,8,40,24,39,73,51,1377.765808,1633.5610955,1380.8885405,1782.5278215,0.589665021691267,0.39594661724055
INDORE,37,895,41,1804,94,5,39,17,30,71,46,1397.46641,1847.469728,1305.251696,1983.319312,0.598294159154832,0.43727213171768
MANDLA (ST),65,997,20,904,71,10,38,28,43,66,60,938.622779375,1329.3602835,915.694866825,1279.13636025,0.606729819980291,0.459598721077654
KHANDWA,61,957,22,1089,84,8,46,22,45,73,57,1434.58020025,2695.742851,1349.635356,2168.191666,0.672459657648558,0.558151791988756
CHHINDWARA,69,950,28,1251,86,10,33,30,41,65,52,686.4122838,1310.409171,716.2664904,1387.081344,0.582429587776965,0.50063685025457
BETUL (ST),63,966,25,1331,77,12,37,29,42,63,52,755.69506955,1259.0299205,805.01419115,1366.4843825,0.610298830470321,0.417610341111628
KHARGONE(ST),61,1009,16,874,50,11,52,28,55,82,65,851.9052454,1248.59756,949.0036322,1397.086925,0.879877749983025,0.572575847709697
BALAGHAT,63,1049,25,1131,84,6,33,32,42,65,61,792.52022525,1036.483203,812.61301885,1008.8366763,0.485169749116733,0.549450273324138
NANDURBAR (ST),22,969,27,8454,64,8,43,35,51,63,56,1240.903235,1488.0731945,1229.343827,1676.9671035,0.693839247828837,0.486928105452273
AMRAVATI (SC),22,979,49,6546,93,8,38,24,33,50,42,1546.114908,2157.928728,1476.577834,2112.26339,0.624832867070827,0.477790576149383
RAMTEK (SC),22,1004,53,1911,97,5,33,25,33,44,46,1497.728402,2680.31051,1614.780537,2803.077677,0.661758580283757,0.497678017386219
WARDHA,22,963,45,4671,95,9,34,25,34,49,42,1621.1697365,2081.1937215,1624.458776,2227.5375475,0.707189568254746,0.498787412508281
BHANDARA-GONDIYA,22,1028,50,1769,96,6,37,22,36,50,53,1244.9285335,3068.6906415,1302.488131,2731.1931,0.719229089259999,0.458828601452182
DHULE,22,960,34,1811,78,9,41,31,45,59,54,1384.2052765,1942.7885005,1394.72812,2232.748147,0.670674731210944,0.48048214077998
RAVER,22,933,32,2148,83,12,40,26,38,51,46,1493.7201275,2261.006619,1338.9955335,1823.5351045,0.589440554535722,0.491419359408002
GADCHIROLI-CHIMUR,22,988,40,1360,90,4,33,35,40,58,51,1115.82548066667,2363.701263,1192.03227433333,2570.80966433333,0.661627851640006,0.474880548299766
JALGAON,22,914,32,2558,84,12,36,32,36,60,51,1565.142019,1800.494515,1409.301022,1809.721107,0.66729515705932,0.488396470593436
BULDHANA,22,953,32,1739,82,12,43,21,41,43,41,1422.298236,2721.518723,1268.690045,1837.349102,0.511585952012123,0.494442248222568
AKOLA,22,962,41,1926,88,9,41,27,41,56,37,1398.584805,1709.488599,1169.099323,1778.8875725,0.497064651216977,0.39530589823238
NAGPUR,22,1004,53,1911,97,5,33,25,33,44,46,1497.728402,2680.31051,1614.780537,2803.077677,0.661758580283757,0.497678017386219
DINDORI (ST),22,1000,39,1162,85,8,43,32,42,52,54,1482.946452,2275.984704,1478.716117,2464.704367,0.654184698989446,0.506672287319523
YAVATMAL-WASHIM,22,959,37,2015,84,8,44,30,46,64,41,1339.0727685,1498.678053,1146.083693,1607.9940165,0.588595471736515,0.417043819598907
JALNA,22,936,33,13502,92,8,41,21,39,43,44,1121.2597055,1980.965926,1191.970045,1858.619972,0.780793814554296,0.485413906379652
AURANGABAD,22,923,41,2863,93,9,38,20,36,38,45,1104.728669,2246.485864,1200.722528,2076.693648,0.70481843487835,0.482076650545569
CHANDRAPUR,22,965,39,1870,88,6,39,30,44,63,47,1148.477136,1875.6646565,1191.288874,2081.3042655,0.678659383753387,0.456366335583158
PALGHAR (ST),22,922,47,2221,91,6,38,29,40,54,48,1269.76856,2657.322762,1086.427486,2926.213081,0.540815682858753,0.517858186968153
NASHIK,22,1000,39,1162,85,8,43,32,42,52,54,1482.946452,2275.984704,1478.716117,2464.704367,0.654184698989446,0.506672287319523
SHIRDI (SC),22,905,44,4763,94,10,33,21,31,47,46,1247.125435,1779.643815,1296.583054,1826.620933,0.586143730137106,0.532570033501641
HINGOLI,22,990,29,6643,84,9,42,24,40,58,45,1356.55617533333,1660.95990866667,1347.69095466667,1721.53278933333,0.725793686971674,0.497458318768541
BHIWANDI,22,922,47,2221,91,6,38,29,40,54,48,1269.76856,2657.322762,1086.427486,2926.213081,0.540815682858753,0.517858186968153
PARBHANI,22,978,23,13586,88,10,45,21,42,50,45,1192.6553465,1851.1686475,1278.741424,1851.5436315,0.836848818842925,0.481545007052738
AHMEDNAGAR,22,905,44,4763,94,10,33,21,31,47,46,1247.125435,1779.643815,1296.583054,1826.620933,0.586143730137106,0.532570033501641
SHIRUR,22,924,52,2231,93,7,22,23,25,53,50,1979.980846,2958.864544,2073.552372,3138.262274,0.571626556205662,0.52311903846898
THANE,22,922,47,2221,91,6,38,29,40,54,48,1269.76856,2657.322762,1086.427486,2926.213081,0.540815682858753,0.517858186968153
BEED,22,933,31,1599,93,7,37,29,36,57,36,1398.1807,2189.057755,1352.98529,2020.566565,0.786843509214673,0.514661002653089
MUMBAI NORTH,22,869,43,3043,93,5,21,20,28,70,50,0,0,0,0,0,0
KALYAN,22,922,47,2221,91,6,38,29,40,54,48,1269.76856,2657.322762,1086.427486,2926.213081,0.540815682858753,0.517858186968153
MUMBAI NORTH-EAST,22,869,43,3043,93,5,21,20,28,70,50,0,0,0,0,0,0
MUMBAI NORTH-WEST,22,869,43,3043,93,5,21,20,28,70,50,0,0,0,0,0,0
NANDED,22,1000,27,1982,84,11,40,20,34,53,47,1498.432168,1786.677455,1449.286337,1816.884352,0.720678991303859,0.488178992867806
MUMBAI NORTH-CENTRAL,22,869,43,3043,93,5,21,20,28,70,50,0,0,0,0,0,0
MAVAL,22,924,51,2716,94,6,26,26,32,53,51,1540.061824,2882.3821975,1644.0985405,3337.2312925,0.528726520070912,0.518118180499354
MUMBAI SOUTH -CENTRA,22,887,48,5629,95,5,23,23,25,67,49,0,0,0,0,0,0
MUMBAI SOUTH,22,906,52,8215,97,6,25,25,22,65,49,0,0,0,0,0,0
LATUR (SC),22,983,30,1734,87,13,37,21,34,53,42,1569.4025025,2006.6410705,1590.7059855,2093.28002,0.733705499271925,0.491184100010704
RAIGAD,22,1029,41,4008,96,6,29,25,33,51,50,1210.247534,2269.1098215,1328.9423305,2760.7730545,0.501797070310314,0.453168920108241
BARAMATI,22,924,52,2231,93,7,22,23,25,53,50,1979.980846,2958.864544,2073.552372,3138.262274,0.571626556205662,0.52311903846898
PUNE,22,924,52,2231,93,7,22,23,25,53,50,1979.980846,2958.864544,2073.552372,3138.262274,0.571626556205662,0.52311903846898
OSMANABAD,22,963,35,1659,88,11,34,22,37,47,39,1622.16759766667,1922.681263,1597.509634,1945.73247266667,0.709416822441137,0.552137778909502
MADHA,22,998,37,1660,91,11,24,23,31,53,46,1699.696197,2139.2717545,1659.1427745,2532.0677025,0.652133333666312,0.516254428742001
SATARA,22,1034,38,1867,96,15,23,23,27,55,49,1588.086096,2476.357176,1726.278043,3170.083588,0.596672955670406,0.464948759529651
SOLAPUR (SC),22,963,35,1453,86,8,25,24,34,51,44,1811.306298,1802.186333,1592.007506,1894.051817,0.707593711662219,0.567560097954351
RATNAGIRI ?SINDHUDUR,22,1067,39,5051,98,6,27,20,27,45,45,1429.3330485,1842.0866485,1565.580487,1985.8510195,0.499031298860446,0.429095134135035
SANGLI,22,1005,47,3480,95,9,23,17,24,49,51,1496.967836,1665.368372,1608.168239,1767.156589,0.496832659715611,0.448542700804527
HATKANANGLE,22,991,45,2849,95,10,25,21,28,47,49,1541.577584,1720.853189,1745.8575025,1786.4497345,0.50745188649852,0.452937661744532
KOLHAPUR,22,978,44,2219,95,12,26,25,31,45,46,1586.187332,1776.338006,1883.546766,1805.74288,0.518071113281429,0.457332622684537
OUTER MANIPUR,11,1025,38,8664,51,4,33,7,14,23,23,1277.91802,1195.57051156667,1355.3083275,1307.91111603333,0.512694359341855,0.491189556828745
INNER MANIPUR,11,1046,44,10149,74,6,27,6,14,23,27,1319.92056325,1364.20249625,1354.059176,1439.992658,0.508946107336294,0.508271966401266
SHILLONG (ST),46,992,25,2040,48,8,50,13,31,40,51,1248.27847025,1843.04444875,1289.9996205,1896.867556,0.68958992676034,0.558014873540065
TURA (ST),46,1024,38,3979,59,19,26,23,25,67,61,1326.91645233333,1869.51726866667,1368.258846,1918.684137,0.686900340112034,0.531571985985029
MIZORAM (ST),32,977,31,3530,70,5,30,8,14,25,29,1294.2995895,2034.17406185714,1366.087440625,2151.41629271429,0.694117006644891,0.601543159908098
MAYURBHANJ (ST),47,1032,23,3752,85,16,43,17,43,34,42,727.950304,1529.968613,691.4908465,1587.498963,0.591453223230246,0.437793087118626
SUNDARGARH (ST),47,1040,34,3247,88,5,37,31,44,75,71,1037.486518,1683.565038,896.5201064,1739.226744,0.70501938550553,0.515144853204922
SAMBALPUR,51,1011,26,3849,88,8,35,23,39,45,53,892.487568333333,1877.200232,959.240691,1950.343339,0.587758536771709,0.508783095502361
KEONJHAR (ST),50,1048,25,3783,79,18,44,18,44,33,41,736.6877172,1676.325765,728.0925313,1748.734653,0.542208680265005,0.445989389830242
BALASORE,46,1060,27,3577,88,18,38,17,38,31,41,870.02211,1745.911402,841.0305269,1757.2832115,0.533673555398208,0.475254116068396
BARGARH,51,1002,30,4812,93,4,36,24,37,67,68,914.82715455,1719.4613535,965.38270415,1918.112018,0.629458729012082,0.475997510682659
DHENKANAL,57,980,30,3976,90,6,28,20,32,38,41,1085.470386,2347.2347745,1128.864448,2481.0529,0.49028218663703,0.553180010802479
BHADRAK (SC),46,1081,30,3798,89,16,34,16,30,25,42,925.1667654,1668.266952,945.6489404,1658.89734,0.443146422275155,0.525256021639495
JAJPUR (SC),48,1020,34,5141,93,8,30,16,30,30,43,982.4843063,1618.402154,1065.468139,1496.850173,0.469536242981227,0.475623167155425
BOLANGIR,73,1032,21,4988,87,8,44,26,44,67,61,793.4592197,1108.926983,852.5785441,1225.257372,0.598183257154209,0.511383579032132
KALAHANDI,57,1027,19,4714,79,6,37,25,39,65,66,756.68748065,1212.751618,728.4941923,1281.5388625,0.507692082837677,0.543828662773393
KANDHAMAL,61,1046,20,3855,84,10,34,19,33,37,45,809.158136175,1659.37695375,850.36491565,1780.93052175,0.613152609548275,0.568732959260447
KENDRAPARA,57,1060,31,5210,94,11,21,10,20,23,40,976.59864155,1799.544789,1005.8603251,1890.232545,0.482440382755769,0.513800577165796
CUTTACK,52,1000,27,4661,93,12,21,13,21,22,38,903.7492212,1945.4329955,946.685892,1965.227656,0.534594030952339,0.560743368902995
BHUBANESWAR,67,980,38,4789,85,7,24,13,20,19,45,900.0602427,2359.291692,1009.886803,2491.177857,0.446410596447283,0.48376475532096
JAGATSINGHPUR (SC),59,1019,33,5810,96,7,16,11,16,23,39,935.060106533333,1796.041757,973.898729733333,1775.188809,0.49507147848578,0.681692081756956
PURI,63,995,30,5165,91,10,22,14,20,24,43,905.673938066667,1772.16634866667,952.738099066667,1833.91245133333,0.480869246163369,0.590543339035712
NABARANGPUR (ST),48,1027,12,1883,66,6,43,32,49,71,68,664.242564633333,1286.767228,688.784526433333,1443.01320133333,0.646367985515974,0.480990104388059
ASKA,56,1111,22,5050,91,4,28,16,21,37,41,1013.595392,1067.965043,1093.277207,1171.577818,0.596562825871712,0.647046140577835
KORAPUT (ST),53,1046,13,2128,70,6,41,25,43,60,59,777.73130325,1100.587103,743.66068885,1060.1765543,0.618599391560186,0.439591100798443
BERHAMPUR,56,1068,19,3939,77,5,30,17,26,47,49,845.2859497,1202.789567,910.1339662,1316.4360345,0.677228201797155,0.586159238316248
PONDICHERRY,14,1102,64,2445,99,7,26,17,21,43,47,2651.749939,2335.10741075,2514.038819,2613.7537915,0.465365404542334,0.465575548643988
GURDASPUR,24,898,62,1631,87,3,22,15,21,71,54,2059.628632,2055.882799,2075.837577,2244.428847,0.399909437209832,0.479685411297024
HOSHIARPUR (SC),24,933,62,1789,89,6,22,16,20,66,57,1989.530537,2295.921886,2062.55481633333,2540.79166133333,0.430810345280588,0.494518107862129
AMRITSAR,24,916,53,1949,90,4,22,10,12,45,53,1895.173364,2118.083177,2001.725041,2288.723655,0.464103584388047,0.478980832087401
KHADOOR SAHIB,24,921,49,1915,89,7,23,16,21,52,55,1917.083635,2363.21812366667,1973.68575033333,2599.11323566667,0.467563150969378,0.491226316987383
JALANDHAR (SC),24,953,68,3135,95,8,29,17,25,60,53,1827.589907,3355.023454,1938.064361,3208.485292,0.45835676573369,0.50623499721376
ANANDPUR SAHIB,24,946,62,1657,91,5,22,15,20,64,67,2010.10128833333,2354.71179366667,2166.19071266667,2547.280207,0.424374393586762,0.517611465555919
FIROZPUR,24,875,41,1306,90,5,29,18,26,55,52,2110.3052865,2010.457702,1906.136517,2208.149742,0.456746781991203,0.505028290964318
LUDHIANA,24,862,62,1269,82,4,30,17,28,60,65,1878.393544,2377.240232,2036.67504,2457.507843,0.486315556181507,0.541481899085879
FATEHGARH SAHIB (SC,24,894,56,2701,88,7,25,16,21,58,55,2008.0315135,2556.8028365,2120.165777,2655.171631,0.457719408066492,0.547073498258817
FARIDKOT (SC),24,889,48,1475,94,4,29,17,22,54,45,2180.24356,2671.54202475,2104.8936,2967.025309,0.487326729455412,0.474219084220777
PATIALA,24,898,52,2594,92,8,22,15,16,50,44,2389.363875,2862.2985555,2516.6084235,3039.034681,0.464939070852899,0.493636945525169
SANGRUR,24,893,47,2973,88,10,27,18,19,51,47,2137.669483,2736.365441,2203.656514,2852.835419,0.427984129590491,0.473531699138849
BATHINDA,24,894,45,1491,93,4,28,14,21,53,47,2590.54232233333,2684.19726366667,2206.12318766667,2804.68154133333,0.47736316277447,0.475264833185511
GANGANAGAR(SC),48,928,30,896,86,5,32,20,26,43,34,1693.801564,1846.5709935,1666.6205545,1955.5106335,0.458238121574968,0.393862281200287
CHURU,46,968,26,1230,82,5,33,21,25,44,34,1565.4322925,1621.9301915,1570.006597,1748.5868185,0.438582672773767,0.374351582861241
BIKANER (SC),49,964,26,1495,80,7,31,22,29,44,37,1488.708258,1964.14541133333,1479.13461633333,1929.19334833333,0.438322443580206,0.380307048242437
JHUNJHUNU,49,1017,32,1633,94,8,30,12,20,47,35,1635.1526415,2140.287589,1797.214044,2192.1419575,0.46376437353801,0.420601361127252
BARMER,60,948,9,1355,55,6,36,23,38,51,38,1349.3160485,1969.855124,1384.816679,1874.0362665,0.524483310347424,0.488978316817242
ALWAR,52,937,28,1487,81,6,41,18,35,53,40,1619.330828,1752.509676,1687.370093,1968.930605,0.524197483191055,0.537592906216348
JODHPUR,48,934,17,11822,61,6,38,22,38,53,38,1426.1933895,1850.9109555,1413.5941605,1780.326313,0.528165990239051,0.502617788932526
SIKAR,50,967,32,2375,92,11,32,12,22,49,29,1549.8011095,2520.8664035,1646.553943,2521.2508025,0.480694840375111,0.469661381964789
JAIPUR RURAL,51,928,33,1926,87,9,38,15,30,51,33,1596.661501,2182.757864,1632.070715,2350.1180325,0.492436358968295,0.504368731816034
BHARATPUR (SC),50,953,25,1641,80,8,44,16,33,55,40,1403.7607535,1625.9366575,1467.7056335,1780.8098375,0.502955919210207,0.439405089545356
NAGAUR,52,1011,23,9395,86,4,39,18,31,50,38,1320.181917,1495.455224,1432.348059,1587.926707,0.770804926800662,0.620652793546545
DAUSA (ST),51,957,31,1824,88,8,37,15,29,49,31,1639.89005233333,2315.490854,1610.405514,2293.955333,0.458359134062975,0.490384229595258
RAJSAMAND,53,1005,24,3317,85,7,38,25,37,62,50,1462.57584575,1985.4353515,1465.9585645,1884.5483115,0.705966907938859,0.509062636078248
PALI,50,1004,22,11537,77,5,42,22,39,58,46,1651.801228,1929.3679945,1528.7267655,1868.646767,0.597755362524108,0.428522882273105
AJMER,50,936,34,1913,90,11,34,22,32,59,40,1570.773078,2633.704614,1580.98881,2424.702285,0.568624982834484,0.479830030829559
JAIPUR,50,920,38,2364,93,13,35,12,25,49,27,1573.992174,2613.006052,1576.771337,2731.30546,0.460675234745536,0.471144557415719
KARAULI ?DHOLPUR(SC),63,952,20,1344,86,9,49,17,37,51,42,1217.6588065,1551.3396395,1276.3572615,1643.572693,0.435445045095806,0.388558618868861
TONK ? SAWAI MADHOPUR,62,994,18,1241,90,6,35,20,35,62,50,1480.539173,2275.3160985,1471.610661,1863.5870385,0.490499589001202,0.422207520938819
BHILWARA,64,964,21,844,87,5,36,30,43,75,59,1416.9784265,2090.450055,1368.2444675,2027.315852,0.697459573320147,0.495053906611213
JALORE,68,978,13,1071,84,5,43,31,46,68,59,1158.49271635,2203.401264,1254.0678061,2189.9970965,0.622767671213121,0.461320055206385
KOTA,50,936,27,861,92,4,35,27,41,76,61,1434.985467,2017.878265,1361.642308,1986.130774,0.570815309236799,0.454411055419982
JHALAWAR-BARAN,59,953,19,3260,95,3,39,30,44,76,62,1515.8644575,1521.5626405,1403.211669,1409.6647455,0.4871203718798,0.443130365273558
CHITTORGARH,63,1005,20,894,79,7,42,26,46,75,65,1165.011678,2881.2525945,1168.365306,3028.544184,0.746018859970581,0.509691197040446
UDAIPUR (ST),63,1025,23,1152,80,9,47,33,52,77,71,1007.391062,2680.5750995,992.1317404,2771.851949,0.731384832176135,0.576518292692243
BANSWARA(ST),60,996,21,3196,89,6,48,34,52,80,74,1117.092209,2290.9719735,1113.9283799,2510.174058,0.768289476905579,0.501355760077803
SIKKIM,19,0,0,0,0,0,0,0,16,58,36,1386.39350825,2317.1969715,1452.0677725,2420.610843,0.771656855233378,0.636915986229799
TRIPURA EAST(ST),21,994,20,4177,77,4,26,18,25,47,54,1194.21778585,1847.536846,1294.05232,1978.418584,0.541617783726862,0.508776639044144
TRIPURA WEST,21,998,24,4707,83,4,22,17,22,51,54,1045.3826122,1882.6366525,1119.4928475,1971.301374,0.548511669171024,0.523010186292806
TEHRI GARHWAL,43,1042,51,1955,73,18,31,38,38,62,46,1472.78601433333,2539.317838,1491.64667233333,2642.388056,0.4470598073315,0.409233773101704
GARHWAL,32,1139,51,2716,66,15,29,23,27,57,40,1416.0306904,2538.2185094,1471.8857802,2545.1348838,0.471466519973407,0.463130497190961
ALMORA (SC),27,1156,40,2120,67,18,29,19,21,46,36,1512.96465975,2695.36489125,1536.73016325,2668.6002015,0.665159523407525,0.485818504867159
HARDWAR,49,932,44,1998,73,17,33,21,27,60,48,1639.407485,2497.7409655,1642.0650435,2620.535293,0.440234845580091,0.462511091418535
NAINITAL-UDHAMSINGH NAG,32,973,44,4010,66,15,34,10,22,61,45,1911.058287,2593.148329,1828.589358,2208.1951215,0.567687422203255,0.509685848006058
SAHARANPUR,76,954,33,2146,62,19,36,18,36,75,61,1386.957461,2294.954778,1418.912422,2117.903727,0.465699894366708,0.464172552700596
KAIRANA,63,968,32,1835,64,18,38,18,36,77,62,1379.292941,2176.2014345,1392.340325,2087.662254,0.4635330494447,0.44811785049122
NAGINA (SC),62,1025,32,4615,73,10,42,22,41,72,58,1059.636397,1381.288696,1068.202168,1404.759552,0.483883036562179,0.549738352950254
MORADABAD,63,999,29,3187,67,13,43,19,42,73,60,1016.20433445,1364.6661305,1074.3648765,1384.09371,0.456320882267596,0.491227578702443
BIJNOR,54,979,33,2388,68,17,39,20,37,74,60,1354.246415,1979.388948,1464.08870766667,1954.24090533333,0.487376176185821,0.474929555969053
MUZAFFARNAGAR,50,956,33,1275,65,21,38,18,36,75,62,1501.551424,2278.439074,1662.0319775,2228.981582,0.489122745997642,0.437525157478452
BAGHPAT,49,909,40,1363,69,19,35,15,32,71,60,1502.131466,2864.59407233333,1765.770583,2956.96841266667,0.437451959270972,0.452322137663012
RAMPUR,60,986,20,1164,61,20,46,20,44,77,58,1022.455562,903.7155566,1091.622294,987.5583007,0.478801378917623,0.493912738443089
MEERUT,48,914,40,1503,66,20,35,16,32,67,58,1493.8827875,3230.7177555,1706.0413875,3290.3725125,0.457008828619877,0.467358176435709
AMROHA,59,951,36,1459,67,11,39,18,36,68,61,1356.291148,3962.005454,1453.787048,4180.202642,0.397138369767161,0.491729186196356
SAMBHAL,64,973,25,1760,61,17,45,16,43,74,62,972.7722719,1348.043565,1080.527585,1363.427868,0.428758727973013,0.432716804454633
GHAZIABAD,46,899,43,1981,68,16,34,13,29,62,56,1356.291148,3962.005454,1453.787048,4180.202642,0.397138369767161,0.491729186196356
PILIBHIT,75,958,23,902,61,18,48,20,43,75,55,1019.12994085,1292.2503285,1094.20829,1364.916328,0.477735970753777,0.504093740089308
BAREILLY,78,979,23,998,59,19,45,18,42,74,53,1080.969181,1313.995107,1167.723732,1310.868044,0.46049687229767,0.49142331981337
BULANDSHAHR (SC),68,1002,28,3482,68,10,43,16,33,65,56,0,0,0,0,0.453995352259864,0.440460260559728
GAUTAM BUDDHA NAGAR,62,923,36,3022,69,12,37,16,31,67,56,1496.597274,6236.614466,1546.740685,6453.309234,0.453995352259864,0.440460260559728
KHERI,78,935,15,1383,52,11,53,17,40,49,43,966.0646394,962.0166398,935.5085969,893.647453,0.492121181266058,0.425914916168161
AONLA,81,980,20,1126,59,17,50,19,47,66,50,1007.12847355,1274.2885255,1091.7938005,1272.2455355,0.455016857417561,0.450348756680878
BADAUN,84,981,17,1255,58,16,55,20,53,58,47,933.2877661,1234.581944,1015.863869,1233.623027,0.449536842537452,0.409274193548387
SHAHJAHANPUR (SC),80,952,23,1043,52,11,49,23,54,76,60,931.8105158,1133.473894,921.3043208,1175.330136,0.470049636138924,0.469183791063871
BAHRAICH (SC),66,988,16,2356,37,21,65,13,44,73,52,823.5081015,1254.415805,828.0058577,1313.088403,0.473491883178449,0.507703462026464
ALIGARH,70,932,29,2073,65,19,49,14,38,66,56,1213.782036,2252.992575,1135.256772,2009.004555,0.500832213316674,0.439028120499253
DHAURAHRA,79,923,18,1475,60,15,55,15,44,51,40,942.2600266,1124.4158174,968.94917695,1146.570916,0.485423932311789,0.443568503912517
ETAH,67,940,31,1430,61,13,51,9,32,40,36,1444.595567,2041.45754,1435.598532,2354.023166,0.490745048486796,0.419796239470581
HATHRAS (SC),63,932,29,2073,65,19,49,14,38,66,56,1360.83427,1871.0092235,1340.787124,1672.111288,0.503760147199171,0.444139448997152
MATHURA,44,903,32,1328,70,10,40,12,27,56,45,1075.996896,1406.604106,1108.847985,1444.738782,0.456205666947104,0.486861988784372
SHRAWASTI,91,1059,11,1814,39,13,63,10,41,71,52,936.30319535,1031.867222,890.21665925,1150.227706,0.506096835151494,0.426204733463037
SITAPUR,80,912,21,1568,67,18,56,14,48,52,38,918.4554138,1286.814995,1002.389757,1399.494379,0.47872668335752,0.461222091656874
HARDOI (SC),81,945,24,1488,65,11,50,14,39,44,33,954.4258455,1034.354646,967.1575483,1045.825667,0.490228489999987,0.568668157138294
FARRUKHABAD,72,960,30,1380,56,12,50,9,31,39,31,1308.8677775,1592.8945095,1292.4916705,1752.1080235,0.45514139593471,0.430862327185985
AGRA (SC),59,940,33,1889,70,13,47,12,33,45,39,1277.6621205,1832.470086,1249.0548605,2033.9255525,0.437041225316166,0.4422513601727
FIROZABAD,56,961,32,1441,67,14,44,11,27,47,34,1045.400764,1155.658288,1014.129583,1229.251044,0.486715749165375,0.473657916548961
KAISERGANJ,68,1022,18,2498,46,17,61,11,41,73,53,874.407316,1840.074379,945.64147235,1900.5952335,0.448339416203783,0.503394356577489
MISRIKH (SC),66,915,35,1600,69,13,50,17,43,56,43,975.338718433333,1422.159611,1036.29808876667,1467.01979666667,0.500480144541624,0.490613907352746
DOMARIYAGANJ,87,1117,18,1863,45,29,57,13,43,65,56,1122.59846,1420.443435,1220.058342,1177.99103,0.453984157164159,0.479943100995733
MAINPURI,53,959,38,1469,67,12,49,11,32,40,27,953.86133495,1095.8280615,940.25049,1071.8790205,0.445623710939419,0.450308019477
MAHARAJGANJ,78,1093,20,2191,61,17,53,12,37,58,48,0,0,0,0,0.512531417290025,0.518770899944851
GONDA,79,1067,16,2126,43,12,59,10,41,72,55,903.8932389,1740.81649,977.6618992,1782.167401,0.470240483875509,0.467900799209868
MOHANLALGANJ (SC),62,915,38,1660,77,14,46,23,46,62,48,976.0877434,1680.939142,1066.3830905,1858.7594635,0.480077553874166,0.488106930042764
BARABANKI (SC),68,1022,25,2625,62,12,51,12,40,43,38,821.704841,870.0699725,900.2250029,910.5148613,0.545482037123682,0.402733261439284
FATEHPUR SIKRI,51,941,36,2348,78,13,44,14,34,51,43,1110.728674,1623.482632,1062.511189,1713.827939,0.383337402145536,0.464706480874818
KUSHI NAGAR,80,1094,25,4125,70,19,45,14,35,58,50,1176.731785,1130.130033,1108.309306,1376.322531,0.402929408652988,0.470020473822755
KANNAUJ,67,939,35,1378,68,13,46,18,38,62,52,1150.13848016667,1278.26929333333,1054.6148958,1309.16372533333,0.493525220098459,0.479326063329951
GORAKHPUR,62,1098,38,2301,76,25,42,19,35,59,51,1004.002678,1780.635174,993.0436652,1819.801221,0.416753457360306,0.377248551897733
BASTI,81,1086,30,4428,73,10,48,14,33,71,55,743.3943252,1201.272966,861.0532013,1370.669052,0.46152356819055,0.494861660079051
SANT KABIR NAGAR,62,1109,37,2014,75,21,45,17,37,63,52,1030.47678326667,1210.36102773333,1015.1965294,1280.04240833333,0.416753457360306,0.377248551897733
UNNAO,58,1011,28,1130,68,8,46,13,34,43,36,893.3147788,1129.638146,860.4550645,1273.050601,0.525814182165593,0.448433929966686
FAIZABAD,78,1039,30,2189,70,15,50,15,42,53,49,999.218722,1306.65955825,1138.86328095,1271.14385015,0.486498838334211,0.446531731596777
LUCKNOW,44,919,56,1752,88,9,37,33,44,72,58,1033.720073,2075.063289,1130.376424,2318.024548,0.481428424390813,0.514991768428654
ETAWAH (SC),59,921,38,1378,72,11,47,17,38,61,52,1170.85881033333,1331.228661,1078.57296466667,1339.447006,0.476265327955855,0.423759206777938
DEORIA,75,1125,32,3077,76,14,43,14,33,63,53,1069.88356315,1146.328492,1048.31335595,1341.200326,0.404324014480249,0.426612250679407
BANSGAON (SC),66,1127,39,2165,79,17,41,17,33,64,54,983.51900965,1471.5810625,990.68053555,1562.939671,0.411236038833908,0.380226289716896
AMBEDKAR NAGAR,75,1075,40,1519,79,19,46,21,42,62,58,1074.0313074,1330.30651785,1212.011064,1249.7343785,0.42751563954474,0.49033020175427
AMETHI,49,1063,31,1978,77,10,41,25,40,63,51,1023.29769515,2617.8025825,1121.26060845,1794.532183,0.472986663362376,0.418742652400084
AKBARPUR,51,887,48,1417,74,10,44,19,38,69,60,1156.9995485,1731.659015,1121.5003595,1727.422789,0.508362055285399,0.447502434410283
RAE BARELI,53,1049,31,1691,81,10,36,31,41,60,46,964.7207463,3171.572746,929.5448379,1742.301792,0.469958774812029,0.396292194047608
SULTANPUR,45,1078,32,2266,73,9,45,19,39,66,57,1081.874644,2064.032419,1312.976379,1846.762574,0.476014551912723,0.441193110752559
KANPUR,37,889,59,1744,76,10,43,24,41,73,58,1053.134896,1945.309192,1139.346961,1955.739344,0.532485260267365,0.441951473263071
JALAUN (SC),57,919,38,2107,80,9,42,24,41,76,59,1093.14429773333,1846.909394,1055.4872189,1888.365108,0.499983838537971,0.454302546949467
SALEMPUR,69,1110,38,2016,77,12,40,14,31,64,52,929.94817115,1222.767789,971.6551216,1327.2347975,0.461076518166236,0.417532874156501
LALGANJ (SC),74,1135,47,1946,84,20,40,16,33,61,59,1114.749336,1518.351497,1020.29994,1733.562566,0.394348607569485,0.418138361439384
AZAMGARH,74,1135,47,1946,84,20,40,16,33,61,59,1114.749336,1518.351497,1020.29994,1733.562566,0.394348607569485,0.418138361439384
GHOSI,71,1078,38,4036,75,20,40,16,33,60,50,943.02850555,1238.2369445,977.39170075,1279.199138,0.464044918142287,0.490171869188982
FATEHPUR,55,1008,32,1407,69,10,52,14,40,44,40,804.2316806,1148.139098,776.6446924,1214.131593,0.509180002911985,0.378199694863536
JAUNPUR,75,1115,39,1557,73,16,48,27,52,58,51,1004.626324,1439.822176,1115.000423,1522.028164,0.482394380776489,0.441636583301326
PRATAPGARH,84,1122,36,1755,77,5,41,23,42,61,51,811.3420388,1541.280138,869.8161034,1458.070514,0.436075461320261,0.469476234499028
HAMIRPUR,48,932,28,1823,82,7,43,24,43,65,57,926.1021558,1198.59670033333,942.620122133333,1245.35716466667,0.51813145337766,0.395562572517079
BALLIA,73,1088,39,2047,74,11,40,15,31,64,55,949.351706,1277.094867,1003.13387515,1314.4005635,0.488712654729769,0.444565487921292
KAUSHAMBI (SC),83,1073,28,1583,74,5,45,26,47,64,54,801.50058705,1193.1771981,839.4683406,1162.76946395,0.489895819033259,0.478434845123784
GHAZIPUR,77,1112,41,2090,75,7,41,17,31,68,61,1001.842411,1271.181107,1051.274913,1280.409653,0.460990893434578,0.43726925506564
MACHHLISHAHR (SC),73,1033,41,2074,77,16,46,26,49,58,51,1074.274074,1455.1433295,1125.3203685,1547.042844,0.48619232883031,0.48811778722633
PHULPUR,81,1034,43,1649,73,12,43,20,43,60,55,944.086154,3138.107191,991.4304529,3435.981583,0.508922613231839,0.51309224169887
BANDA,61,971,25,1185,74,9,48,25,47,67,61,780.96987845,926.1976603,806.16420935,955.44698675,0.525923532433705,0.450182982162204
JHANSI,57,937,30,968,84,11,38,33,44,76,51,1059.406449,1934.2372975,1065.5037715,2063.352749,0.53663787783818,0.448091522354646
BHADOHI,81,1055,38,1446,77,16,47,20,46,61,55,944.086154,3138.107191,991.4304529,3435.981583,0.508922613231839,0.51309224169887
CHANDAULI,74,978,42,2339,79,16,44,21,40,62,57,1128.863679,2055.6634015,1114.032709,2223.339207,0.508944247331505,0.464034748878939
ALLAHABAD,81,1034,43,1649,73,12,43,20,43,60,55,944.086154,3138.107191,991.4304529,3435.981583,0.508922613231839,0.51309224169887
VARANASI,72,951,44,2592,82,16,44,25,45,58,50,1143.921824,1470.464483,1135.640314,1572.057524,0.489990276884131,0.534598991151335
MIRZAPUR,80,955,34,1312,72,12,49,20,46,63,55,1023.544833,1010.059049,1022.708474,1168.620143,0.555463080951197,0.454162276080084
ROBERTSGANJ (SC),73,970,34,1973,67,14,44,20,40,62,62,1080.4251825,2309.718919,1019.0593035,2456.776486,0.560238436934001,0.445486813852585
